Ref_Date,GEO,EST,Vector,Coordinate,Value
1908,Nova-Scotia,"Seeded area, potatoes (acres)",v47142,4.1,43800.00
1909,Nova-Scotia,"Seeded area, potatoes (acres)",v47142,4.1,43900.00
1910,Nova-Scotia,"Seeded area, potatoes (acres)",v47142,4.1,30800.00
1911,Nova-Scotia,"Seeded area, potatoes (acres)",v47142,4.1,30800.00
1912,Nova-Scotia,"Seeded area, potatoes (acres)",v47142,4.1,32000.00
1913,Nova-Scotia,"Seeded area, potatoes (acres)",v47142,4.1,32000.00
1914,Nova-Scotia,"Seeded area, potatoes (acres)",v47142,4.1,32500.00
1915,Nova-Scotia,"Seeded area, potatoes (acres)",v47142,4.1,33700.00
1916,Nova-Scotia,"Seeded area, potatoes (acres)",v47142,4.1,34500.00
1917,Nova-Scotia,"Seeded area, potatoes (acres)",v47142,4.1,41000.00
1918,Nova-Scotia,"Seeded area, potatoes (acres)",v47142,4.1,51200.00
1919,Nova-Scotia,"Seeded area, potatoes (acres)",v47142,4.1,62100.00
1920,Nova-Scotia,"Seeded area, potatoes (acres)",v47142,4.1,50100.00
1921,Nova-Scotia,"Seeded area, potatoes (acres)",v47142,4.1,39200.00
1922,Nova-Scotia,"Seeded area, potatoes (acres)",v47142,4.1,38100.00
1923,Nova-Scotia,"Seeded area, potatoes (acres)",v47142,4.1,27600.00
1924,Nova-Scotia,"Seeded area, potatoes (acres)",v47142,4.1,29100.00
1925,Nova-Scotia,"Seeded area, potatoes (acres)",v47142,4.1,27900.00
1926,Nova-Scotia,"Seeded area, potatoes (acres)",v47142,4.1,29500.00
1927,Nova-Scotia,"Seeded area, potatoes (acres)",v47142,4.1,31600.00
1928,Nova-Scotia,"Seeded area, potatoes (acres)",v47142,4.1,30700.00
1929,Nova-Scotia,"Seeded area, potatoes (acres)",v47142,4.1,30800.00
1930,Nova-Scotia,"Seeded area, potatoes (acres)",v47142,4.1,31200.00
1931,Nova-Scotia,"Seeded area, potatoes (acres)",v47142,4.1,22700.00
1932,Nova-Scotia,"Seeded area, potatoes (acres)",v47142,4.1,20600.00
1933,Nova-Scotia,"Seeded area, potatoes (acres)",v47142,4.1,20500.00
1934,Nova-Scotia,"Seeded area, potatoes (acres)",v47142,4.1,21900.00
1935,Nova-Scotia,"Seeded area, potatoes (acres)",v47142,4.1,20600.00
1936,Nova-Scotia,"Seeded area, potatoes (acres)",v47142,4.1,20600.00
1937,Nova-Scotia,"Seeded area, potatoes (acres)",v47142,4.1,22000.00
1938,Nova-Scotia,"Seeded area, potatoes (acres)",v47142,4.1,21200.00
1939,Nova-Scotia,"Seeded area, potatoes (acres)",v47142,4.1,21400.00
1940,Nova-Scotia,"Seeded area, potatoes (acres)",v47142,4.1,22900.00
1941,Nova-Scotia,"Seeded area, potatoes (acres)",v47142,4.1,18600.00
1942,Nova-Scotia,"Seeded area, potatoes (acres)",v47142,4.1,20500.00
1943,Nova-Scotia,"Seeded area, potatoes (acres)",v47142,4.1,22100.00
1944,Nova-Scotia,"Seeded area, potatoes (acres)",v47142,4.1,21400.00
1945,Nova-Scotia,"Seeded area, potatoes (acres)",v47142,4.1,18400.00
1946,Nova-Scotia,"Seeded area, potatoes (acres)",v47142,4.1,17900.00
1947,Nova-Scotia,"Seeded area, potatoes (acres)",v47142,4.1,15600.00
1948,Nova-Scotia,"Seeded area, potatoes (acres)",v47142,4.1,14700.00
1949,Nova-Scotia,"Seeded area, potatoes (acres)",v47142,4.1,13800.00
1950,Nova-Scotia,"Seeded area, potatoes (acres)",v47142,4.1,13400.00
1951,Nova-Scotia,"Seeded area, potatoes (acres)",v47142,4.1,11300.00
1952,Nova-Scotia,"Seeded area, potatoes (acres)",v47142,4.1,12000.00
1953,Nova-Scotia,"Seeded area, potatoes (acres)",v47142,4.1,12400.00
1954,Nova-Scotia,"Seeded area, potatoes (acres)",v47142,4.1,10800.00
1955,Nova-Scotia,"Seeded area, potatoes (acres)",v47142,4.1,11800.00
1956,Nova-Scotia,"Seeded area, potatoes (acres)",v47142,4.1,10200.00
1957,Nova-Scotia,"Seeded area, potatoes (acres)",v47142,4.1,10000.00
1958,Nova-Scotia,"Seeded area, potatoes (acres)",v47142,4.1,9800.00
1959,Nova-Scotia,"Seeded area, potatoes (acres)",v47142,4.1,8600.00
1960,Nova-Scotia,"Seeded area, potatoes (acres)",v47142,4.1,8000.00
1961,Nova-Scotia,"Seeded area, potatoes (acres)",v47142,4.1,8100.00
1962,Nova-Scotia,"Seeded area, potatoes (acres)",v47142,4.1,6400.00
1963,Nova-Scotia,"Seeded area, potatoes (acres)",v47142,4.1,6200.00
1964,Nova-Scotia,"Seeded area, potatoes (acres)",v47142,4.1,5800.00
1965,Nova-Scotia,"Seeded area, potatoes (acres)",v47142,4.1,5800.00
1966,Nova-Scotia,"Seeded area, potatoes (acres)",v47142,4.1,6200.00
1967,Nova-Scotia,"Seeded area, potatoes (acres)",v47142,4.1,4900.00
1968,Nova-Scotia,"Seeded area, potatoes (acres)",v47142,4.1,5000.00
1969,Nova-Scotia,"Seeded area, potatoes (acres)",v47142,4.1,4300.00
1970,Nova-Scotia,"Seeded area, potatoes (acres)",v47142,4.1,4500.00
1971,Nova-Scotia,"Seeded area, potatoes (acres)",v47142,4.1,3500.00
1972,Nova-Scotia,"Seeded area, potatoes (acres)",v47142,4.1,3500.00
1973,Nova-Scotia,"Seeded area, potatoes (acres)",v47142,4.1,3800.00
1974,Nova-Scotia,"Seeded area, potatoes (acres)",v47142,4.1,3900.00
1975,Nova-Scotia,"Seeded area, potatoes (acres)",v47142,4.1,3600.00
1976,Nova-Scotia,"Seeded area, potatoes (acres)",v47142,4.1,3700.00
1977,Nova-Scotia,"Seeded area, potatoes (acres)",v47142,4.1,3800.00
1978,Nova-Scotia,"Seeded area, potatoes (acres)",v47142,4.1,3800.00
1979,Nova-Scotia,"Seeded area, potatoes (acres)",v47142,4.1,3900.00
1980,Nova-Scotia,"Seeded area, potatoes (acres)",v47142,4.1,4000.00
1981,Nova-Scotia,"Seeded area, potatoes (acres)",v47142,4.1,3800.00
1982,Nova-Scotia,"Seeded area, potatoes (acres)",v47142,4.1,4000.00
1983,Nova-Scotia,"Seeded area, potatoes (acres)",v47142,4.1,3900.00
1984,Nova-Scotia,"Seeded area, potatoes (acres)",v47142,4.1,4100.00
1985,Nova-Scotia,"Seeded area, potatoes (acres)",v47142,4.1,4200.00
1986,Nova-Scotia,"Seeded area, potatoes (acres)",v47142,4.1,4033.00
1987,Nova-Scotia,"Seeded area, potatoes (acres)",v47142,4.1,4200.00
1988,Nova-Scotia,"Seeded area, potatoes (acres)",v47142,4.1,4100.00
1989,Nova-Scotia,"Seeded area, potatoes (acres)",v47142,4.1,4300.00
1990,Nova-Scotia,"Seeded area, potatoes (acres)",v47142,4.1,4500.00
1991,Nova-Scotia,"Seeded area, potatoes (acres)",v47142,4.1,4400.00
1992,Nova-Scotia,"Seeded area, potatoes (acres)",v47142,4.1,4500.00
1993,Nova-Scotia,"Seeded area, potatoes (acres)",v47142,4.1,4500.00
1994,Nova-Scotia,"Seeded area, potatoes (acres)",v47142,4.1,4600.00
1995,Nova-Scotia,"Seeded area, potatoes (acres)",v47142,4.1,4700.00
1996,Nova-Scotia,"Seeded area, potatoes (acres)",v47142,4.1,4750.00
1997,Nova-Scotia,"Seeded area, potatoes (acres)",v47142,4.1,4800.00
1998,Nova-Scotia,"Seeded area, potatoes (acres)",v47142,4.1,5000.00
1999,Nova-Scotia,"Seeded area, potatoes (acres)",v47142,4.1,5100.00
2000,Nova-Scotia,"Seeded area, potatoes (acres)",v47142,4.1,5200.00
2001,Nova-Scotia,"Seeded area, potatoes (acres)",v47142,4.1,5200.00
2002,Nova-Scotia,"Seeded area, potatoes (acres)",v47142,4.1,5500.00
2003,Nova-Scotia,"Seeded area, potatoes (acres)",v47142,4.1,5300.00
2004,Nova-Scotia,"Seeded area, potatoes (acres)",v47142,4.1,5000.00
2005,Nova-Scotia,"Seeded area, potatoes (acres)",v47142,4.1,3500.00
2006,Nova-Scotia,"Seeded area, potatoes (acres)",v47142,4.1,2600.00
2007,Nova-Scotia,"Seeded area, potatoes (acres)",v47142,4.1,2500.00
2008,Nova-Scotia,"Seeded area, potatoes (acres)",v47142,4.1,2200.00
2009,Nova-Scotia,"Seeded area, potatoes (acres)",v47142,4.1,2300.00
2010,Nova-Scotia,"Seeded area, potatoes (acres)",v47142,4.1,2000.00
2011,Nova-Scotia,"Seeded area, potatoes (acres)",v47142,4.1,2000.00
2012,Nova-Scotia,"Seeded area, potatoes (acres)",v47142,4.1,1900.00
2013,Nova-Scotia,"Seeded area, potatoes (acres)",v47142,4.1,1900.00
2014,Nova-Scotia,"Seeded area, potatoes (acres)",v47142,4.1,1725.00
2015,Nova-Scotia,"Seeded area, potatoes (acres)",v47142,4.1,1624.00
2016,Nova-Scotia,"Seeded area, potatoes (acres)",v47142,4.1,1774.00
2017,Nova-Scotia,"Seeded area, potatoes (acres)",v47142,4.1,1750.00
1985,Nova-Scotia,"Harvested area, potatoes (acres)",v47197,4.6,4200.00
1986,Nova-Scotia,"Harvested area, potatoes (acres)",v47197,4.6,3800.00
1987,Nova-Scotia,"Harvested area, potatoes (acres)",v47197,4.6,4200.00
1988,Nova-Scotia,"Harvested area, potatoes (acres)",v47197,4.6,4100.00
1989,Nova-Scotia,"Harvested area, potatoes (acres)",v47197,4.6,4300.00
1990,Nova-Scotia,"Harvested area, potatoes (acres)",v47197,4.6,4500.00
1991,Nova-Scotia,"Harvested area, potatoes (acres)",v47197,4.6,4300.00
1992,Nova-Scotia,"Harvested area, potatoes (acres)",v47197,4.6,4500.00
1993,Nova-Scotia,"Harvested area, potatoes (acres)",v47197,4.6,4500.00
1994,Nova-Scotia,"Harvested area, potatoes (acres)",v47197,4.6,4600.00
1995,Nova-Scotia,"Harvested area, potatoes (acres)",v47197,4.6,4700.00
1996,Nova-Scotia,"Harvested area, potatoes (acres)",v47197,4.6,4700.00
1997,Nova-Scotia,"Harvested area, potatoes (acres)",v47197,4.6,4600.00
1998,Nova-Scotia,"Harvested area, potatoes (acres)",v47197,4.6,4800.00
1999,Nova-Scotia,"Harvested area, potatoes (acres)",v47197,4.6,4800.00
2000,Nova-Scotia,"Harvested area, potatoes (acres)",v47197,4.6,5200.00
2001,Nova-Scotia,"Harvested area, potatoes (acres)",v47197,4.6,5200.00
2002,Nova-Scotia,"Harvested area, potatoes (acres)",v47197,4.6,5500.00
2003,Nova-Scotia,"Harvested area, potatoes (acres)",v47197,4.6,5200.00
2004,Nova-Scotia,"Harvested area, potatoes (acres)",v47197,4.6,4800.00
2005,Nova-Scotia,"Harvested area, potatoes (acres)",v47197,4.6,3300.00
2006,Nova-Scotia,"Harvested area, potatoes (acres)",v47197,4.6,2600.00
2007,Nova-Scotia,"Harvested area, potatoes (acres)",v47197,4.6,2500.00
2008,Nova-Scotia,"Harvested area, potatoes (acres)",v47197,4.6,2200.00
2009,Nova-Scotia,"Harvested area, potatoes (acres)",v47197,4.6,2200.00
2010,Nova-Scotia,"Harvested area, potatoes (acres)",v47197,4.6,2000.00
2011,Nova-Scotia,"Harvested area, potatoes (acres)",v47197,4.6,2000.00
2012,Nova-Scotia,"Harvested area, potatoes (acres)",v47197,4.6,1900.00
2013,Nova-Scotia,"Harvested area, potatoes (acres)",v47197,4.6,1900.00
2014,Nova-Scotia,"Harvested area, potatoes (acres)",v47197,4.6,1725.00
2015,Nova-Scotia,"Harvested area, potatoes (acres)",v47197,4.6,1200.00
2016,Nova-Scotia,"Harvested area, potatoes (acres)",v47197,4.6,1600.00
1908,Nova-Scotia,"Average yield, potatoes (hundredweight per harvested acres)",v47153,4.2,108.0
1909,Nova-Scotia,"Average yield, potatoes (hundredweight per harvested acres)",v47153,4.2,124.4
1910,Nova-Scotia,"Average yield, potatoes (hundredweight per harvested acres)",v47153,4.2,68.8
1911,Nova-Scotia,"Average yield, potatoes (hundredweight per harvested acres)",v47153,4.2,110.5
1912,Nova-Scotia,"Average yield, potatoes (hundredweight per harvested acres)",v47153,4.2,177.1
1913,Nova-Scotia,"Average yield, potatoes (hundredweight per harvested acres)",v47153,4.2,100.7
1914,Nova-Scotia,"Average yield, potatoes (hundredweight per harvested acres)",v47153,4.2,132.3
1915,Nova-Scotia,"Average yield, potatoes (hundredweight per harvested acres)",v47153,4.2,84.7
1916,Nova-Scotia,"Average yield, potatoes (hundredweight per harvested acres)",v47153,4.2,120.6
1917,Nova-Scotia,"Average yield, potatoes (hundredweight per harvested acres)",v47153,4.2,105.0
1918,Nova-Scotia,"Average yield, potatoes (hundredweight per harvested acres)",v47153,4.2,114.6
1919,Nova-Scotia,"Average yield, potatoes (hundredweight per harvested acres)",v47153,4.2,96.5
1920,Nova-Scotia,"Average yield, potatoes (hundredweight per harvested acres)",v47153,4.2,122.3
1921,Nova-Scotia,"Average yield, potatoes (hundredweight per harvested acres)",v47153,4.2,98.2
1922,Nova-Scotia,"Average yield, potatoes (hundredweight per harvested acres)",v47153,4.2,97.0
1923,Nova-Scotia,"Average yield, potatoes (hundredweight per harvested acres)",v47153,4.2,120.0
1924,Nova-Scotia,"Average yield, potatoes (hundredweight per harvested acres)",v47153,4.2,106.9
1925,Nova-Scotia,"Average yield, potatoes (hundredweight per harvested acres)",v47153,4.2,92.1
1926,Nova-Scotia,"Average yield, potatoes (hundredweight per harvested acres)",v47153,4.2,105.6
1927,Nova-Scotia,"Average yield, potatoes (hundredweight per harvested acres)",v47153,4.2,84.8
1928,Nova-Scotia,"Average yield, potatoes (hundredweight per harvested acres)",v47153,4.2,106.8
1929,Nova-Scotia,"Average yield, potatoes (hundredweight per harvested acres)",v47153,4.2,93.2
1930,Nova-Scotia,"Average yield, potatoes (hundredweight per harvested acres)",v47153,4.2,107.0
1931,Nova-Scotia,"Average yield, potatoes (hundredweight per harvested acres)",v47153,4.2,85.7
1932,Nova-Scotia,"Average yield, potatoes (hundredweight per harvested acres)",v47153,4.2,103.0
1933,Nova-Scotia,"Average yield, potatoes (hundredweight per harvested acres)",v47153,4.2,91.0
1934,Nova-Scotia,"Average yield, potatoes (hundredweight per harvested acres)",v47153,4.2,112.0
1935,Nova-Scotia,"Average yield, potatoes (hundredweight per harvested acres)",v47153,4.2,101.3
1936,Nova-Scotia,"Average yield, potatoes (hundredweight per harvested acres)",v47153,4.2,95.0
1937,Nova-Scotia,"Average yield, potatoes (hundredweight per harvested acres)",v47153,4.2,85.7
1938,Nova-Scotia,"Average yield, potatoes (hundredweight per harvested acres)",v47153,4.2,72.0
1939,Nova-Scotia,"Average yield, potatoes (hundredweight per harvested acres)",v47153,4.2,95.0
1940,Nova-Scotia,"Average yield, potatoes (hundredweight per harvested acres)",v47153,4.2,101.0
1941,Nova-Scotia,"Average yield, potatoes (hundredweight per harvested acres)",v47153,4.2,102.0
1942,Nova-Scotia,"Average yield, potatoes (hundredweight per harvested acres)",v47153,4.2,120.0
1943,Nova-Scotia,"Average yield, potatoes (hundredweight per harvested acres)",v47153,4.2,60.0
1944,Nova-Scotia,"Average yield, potatoes (hundredweight per harvested acres)",v47153,4.2,123.0
1945,Nova-Scotia,"Average yield, potatoes (hundredweight per harvested acres)",v47153,4.2,85.0
1946,Nova-Scotia,"Average yield, potatoes (hundredweight per harvested acres)",v47153,4.2,118.0
1947,Nova-Scotia,"Average yield, potatoes (hundredweight per harvested acres)",v47153,4.2,85.1
1948,Nova-Scotia,"Average yield, potatoes (hundredweight per harvested acres)",v47153,4.2,132.0
1949,Nova-Scotia,"Average yield, potatoes (hundredweight per harvested acres)",v47153,4.2,137.0
1950,Nova-Scotia,"Average yield, potatoes (hundredweight per harvested acres)",v47153,4.2,144.0
1951,Nova-Scotia,"Average yield, potatoes (hundredweight per harvested acres)",v47153,4.2,108.0
1952,Nova-Scotia,"Average yield, potatoes (hundredweight per harvested acres)",v47153,4.2,138.0
1953,Nova-Scotia,"Average yield, potatoes (hundredweight per harvested acres)",v47153,4.2,138.6
1954,Nova-Scotia,"Average yield, potatoes (hundredweight per harvested acres)",v47153,4.2,132.6
1955,Nova-Scotia,"Average yield, potatoes (hundredweight per harvested acres)",v47153,4.2,144.0
1956,Nova-Scotia,"Average yield, potatoes (hundredweight per harvested acres)",v47153,4.2,141.0
1957,Nova-Scotia,"Average yield, potatoes (hundredweight per harvested acres)",v47153,4.2,172.0
1958,Nova-Scotia,"Average yield, potatoes (hundredweight per harvested acres)",v47153,4.2,130.0
1959,Nova-Scotia,"Average yield, potatoes (hundredweight per harvested acres)",v47153,4.2,120.3
1960,Nova-Scotia,"Average yield, potatoes (hundredweight per harvested acres)",v47153,4.2,119.1
1961,Nova-Scotia,"Average yield, potatoes (hundredweight per harvested acres)",v47153,4.2,130.0
1962,Nova-Scotia,"Average yield, potatoes (hundredweight per harvested acres)",v47153,4.2,137.0
1963,Nova-Scotia,"Average yield, potatoes (hundredweight per harvested acres)",v47153,4.2,145.0
1964,Nova-Scotia,"Average yield, potatoes (hundredweight per harvested acres)",v47153,4.2,146.2
1965,Nova-Scotia,"Average yield, potatoes (hundredweight per harvested acres)",v47153,4.2,122.6
1966,Nova-Scotia,"Average yield, potatoes (hundredweight per harvested acres)",v47153,4.2,156.9
1967,Nova-Scotia,"Average yield, potatoes (hundredweight per harvested acres)",v47153,4.2,138.6
1968,Nova-Scotia,"Average yield, potatoes (hundredweight per harvested acres)",v47153,4.2,120.0
1969,Nova-Scotia,"Average yield, potatoes (hundredweight per harvested acres)",v47153,4.2,157.0
1970,Nova-Scotia,"Average yield, potatoes (hundredweight per harvested acres)",v47153,4.2,151.6
1971,Nova-Scotia,"Average yield, potatoes (hundredweight per harvested acres)",v47153,4.2,160.0
1972,Nova-Scotia,"Average yield, potatoes (hundredweight per harvested acres)",v47153,4.2,170.6
1973,Nova-Scotia,"Average yield, potatoes (hundredweight per harvested acres)",v47153,4.2,146.6
1974,Nova-Scotia,"Average yield, potatoes (hundredweight per harvested acres)",v47153,4.2,145.1
1975,Nova-Scotia,"Average yield, potatoes (hundredweight per harvested acres)",v47153,4.2,148.1
1976,Nova-Scotia,"Average yield, potatoes (hundredweight per harvested acres)",v47153,4.2,154.1
1977,Nova-Scotia,"Average yield, potatoes (hundredweight per harvested acres)",v47153,4.2,163.9
1978,Nova-Scotia,"Average yield, potatoes (hundredweight per harvested acres)",v47153,4.2,170.8
1979,Nova-Scotia,"Average yield, potatoes (hundredweight per harvested acres)",v47153,4.2,182.1
1980,Nova-Scotia,"Average yield, potatoes (hundredweight per harvested acres)",v47153,4.2,182.0
1981,Nova-Scotia,"Average yield, potatoes (hundredweight per harvested acres)",v47153,4.2,195.0
1982,Nova-Scotia,"Average yield, potatoes (hundredweight per harvested acres)",v47153,4.2,200.3
1983,Nova-Scotia,"Average yield, potatoes (hundredweight per harvested acres)",v47153,4.2,205.1
1984,Nova-Scotia,"Average yield, potatoes (hundredweight per harvested acres)",v47153,4.2,210.0
1985,Nova-Scotia,"Average yield, potatoes (hundredweight per harvested acres)",v47153,4.2,190.0
1986,Nova-Scotia,"Average yield, potatoes (hundredweight per harvested acres)",v47153,4.2,210.0
1987,Nova-Scotia,"Average yield, potatoes (hundredweight per harvested acres)",v47153,4.2,210.0
1988,Nova-Scotia,"Average yield, potatoes (hundredweight per harvested acres)",v47153,4.2,230.0
1989,Nova-Scotia,"Average yield, potatoes (hundredweight per harvested acres)",v47153,4.2,245.1
1990,Nova-Scotia,"Average yield, potatoes (hundredweight per harvested acres)",v47153,4.2,170.0
1991,Nova-Scotia,"Average yield, potatoes (hundredweight per harvested acres)",v47153,4.2,190.0
1992,Nova-Scotia,"Average yield, potatoes (hundredweight per harvested acres)",v47153,4.2,250.0
1993,Nova-Scotia,"Average yield, potatoes (hundredweight per harvested acres)",v47153,4.2,220.0
1994,Nova-Scotia,"Average yield, potatoes (hundredweight per harvested acres)",v47153,4.2,200.0
1995,Nova-Scotia,"Average yield, potatoes (hundredweight per harvested acres)",v47153,4.2,210.0
1996,Nova-Scotia,"Average yield, potatoes (hundredweight per harvested acres)",v47153,4.2,205.1
1997,Nova-Scotia,"Average yield, potatoes (hundredweight per harvested acres)",v47153,4.2,190.0
1998,Nova-Scotia,"Average yield, potatoes (hundredweight per harvested acres)",v47153,4.2,205.0
1999,Nova-Scotia,"Average yield, potatoes (hundredweight per harvested acres)",v47153,4.2,210.0
2000,Nova-Scotia,"Average yield, potatoes (hundredweight per harvested acres)",v47153,4.2,240.0
2001,Nova-Scotia,"Average yield, potatoes (hundredweight per harvested acres)",v47153,4.2,150.0
2002,Nova-Scotia,"Average yield, potatoes (hundredweight per harvested acres)",v47153,4.2,220.0
2003,Nova-Scotia,"Average yield, potatoes (hundredweight per harvested acres)",v47153,4.2,215.0
2004,Nova-Scotia,"Average yield, potatoes (hundredweight per harvested acres)",v47153,4.2,235.0
2005,Nova-Scotia,"Average yield, potatoes (hundredweight per harvested acres)",v47153,4.2,215.0
2006,Nova-Scotia,"Average yield, potatoes (hundredweight per harvested acres)",v47153,4.2,210.0
2007,Nova-Scotia,"Average yield, potatoes (hundredweight per harvested acres)",v47153,4.2,225.0
2008,Nova-Scotia,"Average yield, potatoes (hundredweight per harvested acres)",v47153,4.2,260.0
2009,Nova-Scotia,"Average yield, potatoes (hundredweight per harvested acres)",v47153,4.2,265.0
2010,Nova-Scotia,"Average yield, potatoes (hundredweight per harvested acres)",v47153,4.2,235.0
2011,Nova-Scotia,"Average yield, potatoes (hundredweight per harvested acres)",v47153,4.2,230.0
2012,Nova-Scotia,"Average yield, potatoes (hundredweight per harvested acres)",v47153,4.2,220.0
2013,Nova-Scotia,"Average yield, potatoes (hundredweight per harvested acres)",v47153,4.2,237.0
2014,Nova-Scotia,"Average yield, potatoes (hundredweight per harvested acres)",v47153,4.2,282.2
2015,Nova-Scotia,"Average yield, potatoes (hundredweight per harvested acres)",v47153,4.2,275.0
2016,Nova-Scotia,"Average yield, potatoes (hundredweight per harvested acres)",v47153,4.2,270.0
1908,Nova-Scotia,"Production, potatoes (hundredweight x 1,000)",v47164,4.3,4730.0
1909,Nova-Scotia,"Production, potatoes (hundredweight x 1,000)",v47164,4.3,5459.0
1910,Nova-Scotia,"Production, potatoes (hundredweight x 1,000)",v47164,4.3,2119.0
1911,Nova-Scotia,"Production, potatoes (hundredweight x 1,000)",v47164,4.3,3402.0
1912,Nova-Scotia,"Production, potatoes (hundredweight x 1,000)",v47164,4.3,5668.0
1913,Nova-Scotia,"Production, potatoes (hundredweight x 1,000)",v47164,4.3,3221.0
1914,Nova-Scotia,"Production, potatoes (hundredweight x 1,000)",v47164,4.3,4299.0
1915,Nova-Scotia,"Production, potatoes (hundredweight x 1,000)",v47164,4.3,2855.0
1916,Nova-Scotia,"Production, potatoes (hundredweight x 1,000)",v47164,4.3,4161.0
1917,Nova-Scotia,"Production, potatoes (hundredweight x 1,000)",v47164,4.3,4304.0
1918,Nova-Scotia,"Production, potatoes (hundredweight x 1,000)",v47164,4.3,5866.0
1919,Nova-Scotia,"Production, potatoes (hundredweight x 1,000)",v47164,4.3,5995.0
1920,Nova-Scotia,"Production, potatoes (hundredweight x 1,000)",v47164,4.3,6125.0
1921,Nova-Scotia,"Production, potatoes (hundredweight x 1,000)",v47164,4.3,3848.0
1922,Nova-Scotia,"Production, potatoes (hundredweight x 1,000)",v47164,4.3,3695.0
1923,Nova-Scotia,"Production, potatoes (hundredweight x 1,000)",v47164,4.3,3311.0
1924,Nova-Scotia,"Production, potatoes (hundredweight x 1,000)",v47164,4.3,3112.0
1925,Nova-Scotia,"Production, potatoes (hundredweight x 1,000)",v47164,4.3,2570.0
1926,Nova-Scotia,"Production, potatoes (hundredweight x 1,000)",v47164,4.3,3115.0
1927,Nova-Scotia,"Production, potatoes (hundredweight x 1,000)",v47164,4.3,2680.0
1928,Nova-Scotia,"Production, potatoes (hundredweight x 1,000)",v47164,4.3,3280.0
1929,Nova-Scotia,"Production, potatoes (hundredweight x 1,000)",v47164,4.3,2872.0
1930,Nova-Scotia,"Production, potatoes (hundredweight x 1,000)",v47164,4.3,3338.0
1931,Nova-Scotia,"Production, potatoes (hundredweight x 1,000)",v47164,4.3,1946.0
1932,Nova-Scotia,"Production, potatoes (hundredweight x 1,000)",v47164,4.3,2122.0
1933,Nova-Scotia,"Production, potatoes (hundredweight x 1,000)",v47164,4.3,1866.0
1934,Nova-Scotia,"Production, potatoes (hundredweight x 1,000)",v47164,4.3,2453.0
1935,Nova-Scotia,"Production, potatoes (hundredweight x 1,000)",v47164,4.3,2086.0
1936,Nova-Scotia,"Production, potatoes (hundredweight x 1,000)",v47164,4.3,1957.0
1937,Nova-Scotia,"Production, potatoes (hundredweight x 1,000)",v47164,4.3,1885.0
1938,Nova-Scotia,"Production, potatoes (hundredweight x 1,000)",v47164,4.3,1526.0
1939,Nova-Scotia,"Production, potatoes (hundredweight x 1,000)",v47164,4.3,2033.0
1940,Nova-Scotia,"Production, potatoes (hundredweight x 1,000)",v47164,4.3,2313.0
1941,Nova-Scotia,"Production, potatoes (hundredweight x 1,000)",v47164,4.3,1897.0
1942,Nova-Scotia,"Production, potatoes (hundredweight x 1,000)",v47164,4.3,2460.0
1943,Nova-Scotia,"Production, potatoes (hundredweight x 1,000)",v47164,4.3,1326.0
1944,Nova-Scotia,"Production, potatoes (hundredweight x 1,000)",v47164,4.3,2632.0
1945,Nova-Scotia,"Production, potatoes (hundredweight x 1,000)",v47164,4.3,1564.0
1946,Nova-Scotia,"Production, potatoes (hundredweight x 1,000)",v47164,4.3,2113.0
1947,Nova-Scotia,"Production, potatoes (hundredweight x 1,000)",v47164,4.3,1327.0
1948,Nova-Scotia,"Production, potatoes (hundredweight x 1,000)",v47164,4.3,1940.0
1949,Nova-Scotia,"Production, potatoes (hundredweight x 1,000)",v47164,4.3,1891.0
1950,Nova-Scotia,"Production, potatoes (hundredweight x 1,000)",v47164,4.3,1930.0
1951,Nova-Scotia,"Production, potatoes (hundredweight x 1,000)",v47164,4.3,1220.0
1952,Nova-Scotia,"Production, potatoes (hundredweight x 1,000)",v47164,4.3,1656.0
1953,Nova-Scotia,"Production, potatoes (hundredweight x 1,000)",v47164,4.3,1719.0
1954,Nova-Scotia,"Production, potatoes (hundredweight x 1,000)",v47164,4.3,1432.0
1955,Nova-Scotia,"Production, potatoes (hundredweight x 1,000)",v47164,4.3,1699.0
1956,Nova-Scotia,"Production, potatoes (hundredweight x 1,000)",v47164,4.3,1438.0
1957,Nova-Scotia,"Production, potatoes (hundredweight x 1,000)",v47164,4.3,1720.0
1958,Nova-Scotia,"Production, potatoes (hundredweight x 1,000)",v47164,4.3,1274.0
1959,Nova-Scotia,"Production, potatoes (hundredweight x 1,000)",v47164,4.3,1035.0
1960,Nova-Scotia,"Production, potatoes (hundredweight x 1,000)",v47164,4.3,953.0
1961,Nova-Scotia,"Production, potatoes (hundredweight x 1,000)",v47164,4.3,1053.0
1962,Nova-Scotia,"Production, potatoes (hundredweight x 1,000)",v47164,4.3,877.0
1963,Nova-Scotia,"Production, potatoes (hundredweight x 1,000)",v47164,4.3,899.0
1964,Nova-Scotia,"Production, potatoes (hundredweight x 1,000)",v47164,4.3,848.0
1965,Nova-Scotia,"Production, potatoes (hundredweight x 1,000)",v47164,4.3,711.0
1966,Nova-Scotia,"Production, potatoes (hundredweight x 1,000)",v47164,4.3,973.0
1967,Nova-Scotia,"Production, potatoes (hundredweight x 1,000)",v47164,4.3,679.0
1968,Nova-Scotia,"Production, potatoes (hundredweight x 1,000)",v47164,4.3,600.0
1969,Nova-Scotia,"Production, potatoes (hundredweight x 1,000)",v47164,4.3,675.0
1970,Nova-Scotia,"Production, potatoes (hundredweight x 1,000)",v47164,4.3,682.0
1971,Nova-Scotia,"Production, potatoes (hundredweight x 1,000)",v47164,4.3,560.0
1972,Nova-Scotia,"Production, potatoes (hundredweight x 1,000)",v47164,4.3,597.0
1973,Nova-Scotia,"Production, potatoes (hundredweight x 1,000)",v47164,4.3,557.0
1974,Nova-Scotia,"Production, potatoes (hundredweight x 1,000)",v47164,4.3,566.0
1975,Nova-Scotia,"Production, potatoes (hundredweight x 1,000)",v47164,4.3,533.0
1976,Nova-Scotia,"Production, potatoes (hundredweight x 1,000)",v47164,4.3,570.0
1977,Nova-Scotia,"Production, potatoes (hundredweight x 1,000)",v47164,4.3,623.0
1978,Nova-Scotia,"Production, potatoes (hundredweight x 1,000)",v47164,4.3,649.0
1979,Nova-Scotia,"Production, potatoes (hundredweight x 1,000)",v47164,4.3,710.0
1980,Nova-Scotia,"Production, potatoes (hundredweight x 1,000)",v47164,4.3,728.0
1981,Nova-Scotia,"Production, potatoes (hundredweight x 1,000)",v47164,4.3,741.0
1982,Nova-Scotia,"Production, potatoes (hundredweight x 1,000)",v47164,4.3,801.0
1983,Nova-Scotia,"Production, potatoes (hundredweight x 1,000)",v47164,4.3,800.0
1984,Nova-Scotia,"Production, potatoes (hundredweight x 1,000)",v47164,4.3,861.0
1985,Nova-Scotia,"Production, potatoes (hundredweight x 1,000)",v47164,4.3,798.0
1986,Nova-Scotia,"Production, potatoes (hundredweight x 1,000)",v47164,4.3,798.0
1987,Nova-Scotia,"Production, potatoes (hundredweight x 1,000)",v47164,4.3,882.0
1988,Nova-Scotia,"Production, potatoes (hundredweight x 1,000)",v47164,4.3,943.0
1989,Nova-Scotia,"Production, potatoes (hundredweight x 1,000)",v47164,4.3,1054.0
1990,Nova-Scotia,"Production, potatoes (hundredweight x 1,000)",v47164,4.3,765.0
1991,Nova-Scotia,"Production, potatoes (hundredweight x 1,000)",v47164,4.3,817.0
1992,Nova-Scotia,"Production, potatoes (hundredweight x 1,000)",v47164,4.3,1125.0
1993,Nova-Scotia,"Production, potatoes (hundredweight x 1,000)",v47164,4.3,990.0
1994,Nova-Scotia,"Production, potatoes (hundredweight x 1,000)",v47164,4.3,920.0
1995,Nova-Scotia,"Production, potatoes (hundredweight x 1,000)",v47164,4.3,987.0
1996,Nova-Scotia,"Production, potatoes (hundredweight x 1,000)",v47164,4.3,964.0
1997,Nova-Scotia,"Production, potatoes (hundredweight x 1,000)",v47164,4.3,874.0
1998,Nova-Scotia,"Production, potatoes (hundredweight x 1,000)",v47164,4.3,984.0
1999,Nova-Scotia,"Production, potatoes (hundredweight x 1,000)",v47164,4.3,1008.0
2000,Nova-Scotia,"Production, potatoes (hundredweight x 1,000)",v47164,4.3,1248.0
2001,Nova-Scotia,"Production, potatoes (hundredweight x 1,000)",v47164,4.3,780.0
2002,Nova-Scotia,"Production, potatoes (hundredweight x 1,000)",v47164,4.3,1210.0
2003,Nova-Scotia,"Production, potatoes (hundredweight x 1,000)",v47164,4.3,1118.0
2004,Nova-Scotia,"Production, potatoes (hundredweight x 1,000)",v47164,4.3,1128.0
2005,Nova-Scotia,"Production, potatoes (hundredweight x 1,000)",v47164,4.3,710.0
2006,Nova-Scotia,"Production, potatoes (hundredweight x 1,000)",v47164,4.3,546.0
2007,Nova-Scotia,"Production, potatoes (hundredweight x 1,000)",v47164,4.3,563.0
2008,Nova-Scotia,"Production, potatoes (hundredweight x 1,000)",v47164,4.3,572.0
2009,Nova-Scotia,"Production, potatoes (hundredweight x 1,000)",v47164,4.3,583.0
2010,Nova-Scotia,"Production, potatoes (hundredweight x 1,000)",v47164,4.3,470.0
2011,Nova-Scotia,"Production, potatoes (hundredweight x 1,000)",v47164,4.3,460.0
2012,Nova-Scotia,"Production, potatoes (hundredweight x 1,000)",v47164,4.3,418.0
2013,Nova-Scotia,"Production, potatoes (hundredweight x 1,000)",v47164,4.3,450.0
2014,Nova-Scotia,"Production, potatoes (hundredweight x 1,000)",v47164,4.3,487.0
2015,Nova-Scotia,"Production, potatoes (hundredweight x 1,000)",v47164,4.3,330.0
2016,Nova-Scotia,"Production, potatoes (hundredweight x 1,000)",v47164,4.3,432.0
1982,Nova-Scotia,"Amount sold, consumed, seeded or fed to livestock, potatoes (hundredweight x 1,000)",v47208,4.7,740.0
1983,Nova-Scotia,"Amount sold, consumed, seeded or fed to livestock, potatoes (hundredweight x 1,000)",v47208,4.7,732.0
1984,Nova-Scotia,"Amount sold, consumed, seeded or fed to livestock, potatoes (hundredweight x 1,000)",v47208,4.7,814.0
1985,Nova-Scotia,"Amount sold, consumed, seeded or fed to livestock, potatoes (hundredweight x 1,000)",v47208,4.7,698.0
1986,Nova-Scotia,"Amount sold, consumed, seeded or fed to livestock, potatoes (hundredweight x 1,000)",v47208,4.7,768.0
1987,Nova-Scotia,"Amount sold, consumed, seeded or fed to livestock, potatoes (hundredweight x 1,000)",v47208,4.7,849.0
1988,Nova-Scotia,"Amount sold, consumed, seeded or fed to livestock, potatoes (hundredweight x 1,000)",v47208,4.7,911.0
1989,Nova-Scotia,"Amount sold, consumed, seeded or fed to livestock, potatoes (hundredweight x 1,000)",v47208,4.7,962.0
1990,Nova-Scotia,"Amount sold, consumed, seeded or fed to livestock, potatoes (hundredweight x 1,000)",v47208,4.7,701.0
1991,Nova-Scotia,"Amount sold, consumed, seeded or fed to livestock, potatoes (hundredweight x 1,000)",v47208,4.7,755.0
1992,Nova-Scotia,"Amount sold, consumed, seeded or fed to livestock, potatoes (hundredweight x 1,000)",v47208,4.7,1032.0
1993,Nova-Scotia,"Amount sold, consumed, seeded or fed to livestock, potatoes (hundredweight x 1,000)",v47208,4.7,907.0
1994,Nova-Scotia,"Amount sold, consumed, seeded or fed to livestock, potatoes (hundredweight x 1,000)",v47208,4.7,811.0
1995,Nova-Scotia,"Amount sold, consumed, seeded or fed to livestock, potatoes (hundredweight x 1,000)",v47208,4.7,902.0
1996,Nova-Scotia,"Amount sold, consumed, seeded or fed to livestock, potatoes (hundredweight x 1,000)",v47208,4.7,881.0
1997,Nova-Scotia,"Amount sold, consumed, seeded or fed to livestock, potatoes (hundredweight x 1,000)",v47208,4.7,809.0
1998,Nova-Scotia,"Amount sold, consumed, seeded or fed to livestock, potatoes (hundredweight x 1,000)",v47208,4.7,913.0
1999,Nova-Scotia,"Amount sold, consumed, seeded or fed to livestock, potatoes (hundredweight x 1,000)",v47208,4.7,943.0
2000,Nova-Scotia,"Amount sold, consumed, seeded or fed to livestock, potatoes (hundredweight x 1,000)",v47208,4.7,1183.0
2001,Nova-Scotia,"Amount sold, consumed, seeded or fed to livestock, potatoes (hundredweight x 1,000)",v47208,4.7,733.0
2002,Nova-Scotia,"Amount sold, consumed, seeded or fed to livestock, potatoes (hundredweight x 1,000)",v47208,4.7,1150.0
2003,Nova-Scotia,"Amount sold, consumed, seeded or fed to livestock, potatoes (hundredweight x 1,000)",v47208,4.7,1060.0
2004,Nova-Scotia,"Amount sold, consumed, seeded or fed to livestock, potatoes (hundredweight x 1,000)",v47208,4.7,1070.0
2005,Nova-Scotia,"Amount sold, consumed, seeded or fed to livestock, potatoes (hundredweight x 1,000)",v47208,4.7,654.0
2006,Nova-Scotia,"Amount sold, consumed, seeded or fed to livestock, potatoes (hundredweight x 1,000)",v47208,4.7,509.0
2007,Nova-Scotia,"Amount sold, consumed, seeded or fed to livestock, potatoes (hundredweight x 1,000)",v47208,4.7,526.0
2008,Nova-Scotia,"Amount sold, consumed, seeded or fed to livestock, potatoes (hundredweight x 1,000)",v47208,4.7,527.0
2009,Nova-Scotia,"Amount sold, consumed, seeded or fed to livestock, potatoes (hundredweight x 1,000)",v47208,4.7,564.0
2010,Nova-Scotia,"Amount sold, consumed, seeded or fed to livestock, potatoes (hundredweight x 1,000)",v47208,4.7,452.0
2011,Nova-Scotia,"Amount sold, consumed, seeded or fed to livestock, potatoes (hundredweight x 1,000)",v47208,4.7,434.0
2012,Nova-Scotia,"Amount sold, consumed, seeded or fed to livestock, potatoes (hundredweight x 1,000)",v47208,4.7,394.0
1908,Nova-Scotia,"Average farm price, potatoes (dollars per hundredweight)",v47175,4.4,0.70
1909,Nova-Scotia,"Average farm price, potatoes (dollars per hundredweight)",v47175,4.4,0.77
1910,Nova-Scotia,"Average farm price, potatoes (dollars per hundredweight)",v47175,4.4,0.82
1911,Nova-Scotia,"Average farm price, potatoes (dollars per hundredweight)",v47175,4.4,0.83
1912,Nova-Scotia,"Average farm price, potatoes (dollars per hundredweight)",v47175,4.4,0.78
1913,Nova-Scotia,"Average farm price, potatoes (dollars per hundredweight)",v47175,4.4,0.87
1914,Nova-Scotia,"Average farm price, potatoes (dollars per hundredweight)",v47175,4.4,0.82
1915,Nova-Scotia,"Average farm price, potatoes (dollars per hundredweight)",v47175,4.4,0.97
1916,Nova-Scotia,"Average farm price, potatoes (dollars per hundredweight)",v47175,4.4,1.15
1917,Nova-Scotia,"Average farm price, potatoes (dollars per hundredweight)",v47175,4.4,1.53
1918,Nova-Scotia,"Average farm price, potatoes (dollars per hundredweight)",v47175,4.4,1.55
1919,Nova-Scotia,"Average farm price, potatoes (dollars per hundredweight)",v47175,4.4,1.82
1920,Nova-Scotia,"Average farm price, potatoes (dollars per hundredweight)",v47175,4.4,1.63
1921,Nova-Scotia,"Average farm price, potatoes (dollars per hundredweight)",v47175,4.4,1.58
1922,Nova-Scotia,"Average farm price, potatoes (dollars per hundredweight)",v47175,4.4,0.97
1923,Nova-Scotia,"Average farm price, potatoes (dollars per hundredweight)",v47175,4.4,1.21
1924,Nova-Scotia,"Average farm price, potatoes (dollars per hundredweight)",v47175,4.4,0.60
1925,Nova-Scotia,"Average farm price, potatoes (dollars per hundredweight)",v47175,4.4,1.78
1926,Nova-Scotia,"Average farm price, potatoes (dollars per hundredweight)",v47175,4.4,1.49
1927,Nova-Scotia,"Average farm price, potatoes (dollars per hundredweight)",v47175,4.4,1.00
1928,Nova-Scotia,"Average farm price, potatoes (dollars per hundredweight)",v47175,4.4,0.60
1929,Nova-Scotia,"Average farm price, potatoes (dollars per hundredweight)",v47175,4.4,1.37
1930,Nova-Scotia,"Average farm price, potatoes (dollars per hundredweight)",v47175,4.4,0.80
1931,Nova-Scotia,"Average farm price, potatoes (dollars per hundredweight)",v47175,4.4,0.50
1932,Nova-Scotia,"Average farm price, potatoes (dollars per hundredweight)",v47175,4.4,0.65
1933,Nova-Scotia,"Average farm price, potatoes (dollars per hundredweight)",v47175,4.4,0.95
1934,Nova-Scotia,"Average farm price, potatoes (dollars per hundredweight)",v47175,4.4,0.50
1935,Nova-Scotia,"Average farm price, potatoes (dollars per hundredweight)",v47175,4.4,0.93
1936,Nova-Scotia,"Average farm price, potatoes (dollars per hundredweight)",v47175,4.4,1.13
1937,Nova-Scotia,"Average farm price, potatoes (dollars per hundredweight)",v47175,4.4,0.85
1938,Nova-Scotia,"Average farm price, potatoes (dollars per hundredweight)",v47175,4.4,1.08
1939,Nova-Scotia,"Average farm price, potatoes (dollars per hundredweight)",v47175,4.4,1.18
1940,Nova-Scotia,"Average farm price, potatoes (dollars per hundredweight)",v47175,4.4,0.94
1941,Nova-Scotia,"Average farm price, potatoes (dollars per hundredweight)",v47175,4.4,1.32
1942,Nova-Scotia,"Average farm price, potatoes (dollars per hundredweight)",v47175,4.4,1.50
1943,Nova-Scotia,"Average farm price, potatoes (dollars per hundredweight)",v47175,4.4,2.17
1944,Nova-Scotia,"Average farm price, potatoes (dollars per hundredweight)",v47175,4.4,1.73
1945,Nova-Scotia,"Average farm price, potatoes (dollars per hundredweight)",v47175,4.4,2.23
1946,Nova-Scotia,"Average farm price, potatoes (dollars per hundredweight)",v47175,4.4,1.87
1947,Nova-Scotia,"Average farm price, potatoes (dollars per hundredweight)",v47175,4.4,2.28
1948,Nova-Scotia,"Average farm price, potatoes (dollars per hundredweight)",v47175,4.4,1.97
1949,Nova-Scotia,"Average farm price, potatoes (dollars per hundredweight)",v47175,4.4,1.53
1950,Nova-Scotia,"Average farm price, potatoes (dollars per hundredweight)",v47175,4.4,1.17
1951,Nova-Scotia,"Average farm price, potatoes (dollars per hundredweight)",v47175,4.4,3.75
1952,Nova-Scotia,"Average farm price, potatoes (dollars per hundredweight)",v47175,4.4,3.62
1953,Nova-Scotia,"Average farm price, potatoes (dollars per hundredweight)",v47175,4.4,1.42
1954,Nova-Scotia,"Average farm price, potatoes (dollars per hundredweight)",v47175,4.4,2.42
1955,Nova-Scotia,"Average farm price, potatoes (dollars per hundredweight)",v47175,4.4,1.63
1956,Nova-Scotia,"Average farm price, potatoes (dollars per hundredweight)",v47175,4.4,2.05
1957,Nova-Scotia,"Average farm price, potatoes (dollars per hundredweight)",v47175,4.4,1.83
1958,Nova-Scotia,"Average farm price, potatoes (dollars per hundredweight)",v47175,4.4,1.85
1959,Nova-Scotia,"Average farm price, potatoes (dollars per hundredweight)",v47175,4.4,2.97
1960,Nova-Scotia,"Average farm price, potatoes (dollars per hundredweight)",v47175,4.4,2.26
1961,Nova-Scotia,"Average farm price, potatoes (dollars per hundredweight)",v47175,4.4,1.64
1962,Nova-Scotia,"Average farm price, potatoes (dollars per hundredweight)",v47175,4.4,2.00
1963,Nova-Scotia,"Average farm price, potatoes (dollars per hundredweight)",v47175,4.4,1.80
1964,Nova-Scotia,"Average farm price, potatoes (dollars per hundredweight)",v47175,4.4,2.85
1965,Nova-Scotia,"Average farm price, potatoes (dollars per hundredweight)",v47175,4.4,2.83
1966,Nova-Scotia,"Average farm price, potatoes (dollars per hundredweight)",v47175,4.4,1.65
1967,Nova-Scotia,"Average farm price, potatoes (dollars per hundredweight)",v47175,4.4,1.85
1968,Nova-Scotia,"Average farm price, potatoes (dollars per hundredweight)",v47175,4.4,1.70
1969,Nova-Scotia,"Average farm price, potatoes (dollars per hundredweight)",v47175,4.4,2.40
1970,Nova-Scotia,"Average farm price, potatoes (dollars per hundredweight)",v47175,4.4,2.10
1971,Nova-Scotia,"Average farm price, potatoes (dollars per hundredweight)",v47175,4.4,2.10
1972,Nova-Scotia,"Average farm price, potatoes (dollars per hundredweight)",v47175,4.4,3.20
1973,Nova-Scotia,"Average farm price, potatoes (dollars per hundredweight)",v47175,4.4,5.80
1974,Nova-Scotia,"Average farm price, potatoes (dollars per hundredweight)",v47175,4.4,2.85
1975,Nova-Scotia,"Average farm price, potatoes (dollars per hundredweight)",v47175,4.4,6.10
1976,Nova-Scotia,"Average farm price, potatoes (dollars per hundredweight)",v47175,4.4,4.75
1977,Nova-Scotia,"Average farm price, potatoes (dollars per hundredweight)",v47175,4.4,3.10
1978,Nova-Scotia,"Average farm price, potatoes (dollars per hundredweight)",v47175,4.4,4.05
1979,Nova-Scotia,"Average farm price, potatoes (dollars per hundredweight)",v47175,4.4,3.51
1980,Nova-Scotia,"Average farm price, potatoes (dollars per hundredweight)",v47175,4.4,6.50
1981,Nova-Scotia,"Average farm price, potatoes (dollars per hundredweight)",v47175,4.4,6.19
1982,Nova-Scotia,"Average farm price, potatoes (dollars per hundredweight)",v47175,4.4,6.14
1983,Nova-Scotia,"Average farm price, potatoes (dollars per hundredweight)",v47175,4.4,6.68
1984,Nova-Scotia,"Average farm price, potatoes (dollars per hundredweight)",v47175,4.4,6.28
1985,Nova-Scotia,"Average farm price, potatoes (dollars per hundredweight)",v47175,4.4,6.10
1986,Nova-Scotia,"Average farm price, potatoes (dollars per hundredweight)",v47175,4.4,6.66
1987,Nova-Scotia,"Average farm price, potatoes (dollars per hundredweight)",v47175,4.4,7.26
1988,Nova-Scotia,"Average farm price, potatoes (dollars per hundredweight)",v47175,4.4,7.09
1989,Nova-Scotia,"Average farm price, potatoes (dollars per hundredweight)",v47175,4.4,7.99
1990,Nova-Scotia,"Average farm price, potatoes (dollars per hundredweight)",v47175,4.4,7.89
1991,Nova-Scotia,"Average farm price, potatoes (dollars per hundredweight)",v47175,4.4,7.91
1992,Nova-Scotia,"Average farm price, potatoes (dollars per hundredweight)",v47175,4.4,7.44
1993,Nova-Scotia,"Average farm price, potatoes (dollars per hundredweight)",v47175,4.4,8.02
1994,Nova-Scotia,"Average farm price, potatoes (dollars per hundredweight)",v47175,4.4,8.49
1995,Nova-Scotia,"Average farm price, potatoes (dollars per hundredweight)",v47175,4.4,8.52
1996,Nova-Scotia,"Average farm price, potatoes (dollars per hundredweight)",v47175,4.4,8.63
1997,Nova-Scotia,"Average farm price, potatoes (dollars per hundredweight)",v47175,4.4,7.80
1998,Nova-Scotia,"Average farm price, potatoes (dollars per hundredweight)",v47175,4.4,7.82
1999,Nova-Scotia,"Average farm price, potatoes (dollars per hundredweight)",v47175,4.4,9.53
2000,Nova-Scotia,"Average farm price, potatoes (dollars per hundredweight)",v47175,4.4,9.95
2001,Nova-Scotia,"Average farm price, potatoes (dollars per hundredweight)",v47175,4.4,9.67
2002,Nova-Scotia,"Average farm price, potatoes (dollars per hundredweight)",v47175,4.4,10.14
2003,Nova-Scotia,"Average farm price, potatoes (dollars per hundredweight)",v47175,4.4,9.23
2004,Nova-Scotia,"Average farm price, potatoes (dollars per hundredweight)",v47175,4.4,9.13
2005,Nova-Scotia,"Average farm price, potatoes (dollars per hundredweight)",v47175,4.4,9.55
2006,Nova-Scotia,"Average farm price, potatoes (dollars per hundredweight)",v47175,4.4,10.23
2007,Nova-Scotia,"Average farm price, potatoes (dollars per hundredweight)",v47175,4.4,10.37
2008,Nova-Scotia,"Average farm price, potatoes (dollars per hundredweight)",v47175,4.4,12.56
2009,Nova-Scotia,"Average farm price, potatoes (dollars per hundredweight)",v47175,4.4,11.84
2010,Nova-Scotia,"Average farm price, potatoes (dollars per hundredweight)",v47175,4.4,12.66
2011,Nova-Scotia,"Average farm price, potatoes (dollars per hundredweight)",v47175,4.4,13.47
2012,Nova-Scotia,"Average farm price, potatoes (dollars per hundredweight)",v47175,4.4,12.24
1908,Nova-Scotia,"Total farm value, potatoes (dollars x 1,000)",v47186,4.5,3311.00
1909,Nova-Scotia,"Total farm value, potatoes (dollars x 1,000)",v47186,4.5,4185.00
1910,Nova-Scotia,"Total farm value, potatoes (dollars x 1,000)",v47186,4.5,1739.00
1911,Nova-Scotia,"Total farm value, potatoes (dollars x 1,000)",v47186,4.5,2824.00
1912,Nova-Scotia,"Total farm value, potatoes (dollars x 1,000)",v47186,4.5,4440.00
1913,Nova-Scotia,"Total farm value, potatoes (dollars x 1,000)",v47186,4.5,2792.00
1914,Nova-Scotia,"Total farm value, potatoes (dollars x 1,000)",v47186,4.5,3511.00
1915,Nova-Scotia,"Total farm value, potatoes (dollars x 1,000)",v47186,4.5,2760.00
1916,Nova-Scotia,"Total farm value, potatoes (dollars x 1,000)",v47186,4.5,4785.00
1917,Nova-Scotia,"Total farm value, potatoes (dollars x 1,000)",v47186,4.5,6599.00
1918,Nova-Scotia,"Total farm value, potatoes (dollars x 1,000)",v47186,4.5,9092.00
1919,Nova-Scotia,"Total farm value, potatoes (dollars x 1,000)",v47186,4.5,10891.00
1920,Nova-Scotia,"Total farm value, potatoes (dollars x 1,000)",v47186,4.5,9966.00
1921,Nova-Scotia,"Total farm value, potatoes (dollars x 1,000)",v47186,4.5,6093.00
1922,Nova-Scotia,"Total farm value, potatoes (dollars x 1,000)",v47186,4.5,3572.00
1923,Nova-Scotia,"Total farm value, potatoes (dollars x 1,000)",v47186,4.5,4014.00
1924,Nova-Scotia,"Total farm value, potatoes (dollars x 1,000)",v47186,4.5,1867.00
1925,Nova-Scotia,"Total farm value, potatoes (dollars x 1,000)",v47186,4.5,4575.00
1926,Nova-Scotia,"Total farm value, potatoes (dollars x 1,000)",v47186,4.5,4641.00
1927,Nova-Scotia,"Total farm value, potatoes (dollars x 1,000)",v47186,4.5,2680.00
1928,Nova-Scotia,"Total farm value, potatoes (dollars x 1,000)",v47186,4.5,1968.00
1929,Nova-Scotia,"Total farm value, potatoes (dollars x 1,000)",v47186,4.5,3935.00
1930,Nova-Scotia,"Total farm value, potatoes (dollars x 1,000)",v47186,4.5,2670.00
1931,Nova-Scotia,"Total farm value, potatoes (dollars x 1,000)",v47186,4.5,973.00
1932,Nova-Scotia,"Total farm value, potatoes (dollars x 1,000)",v47186,4.5,1379.00
1933,Nova-Scotia,"Total farm value, potatoes (dollars x 1,000)",v47186,4.5,1773.00
1934,Nova-Scotia,"Total farm value, potatoes (dollars x 1,000)",v47186,4.5,1227.00
1935,Nova-Scotia,"Total farm value, potatoes (dollars x 1,000)",v47186,4.5,1940.00
1936,Nova-Scotia,"Total farm value, potatoes (dollars x 1,000)",v47186,4.5,2211.00
1937,Nova-Scotia,"Total farm value, potatoes (dollars x 1,000)",v47186,4.5,1602.00
1938,Nova-Scotia,"Total farm value, potatoes (dollars x 1,000)",v47186,4.5,1648.00
1939,Nova-Scotia,"Total farm value, potatoes (dollars x 1,000)",v47186,4.5,2399.00
1940,Nova-Scotia,"Total farm value, potatoes (dollars x 1,000)",v47186,4.5,2174.00
1941,Nova-Scotia,"Total farm value, potatoes (dollars x 1,000)",v47186,4.5,2498.00
1942,Nova-Scotia,"Total farm value, potatoes (dollars x 1,000)",v47186,4.5,3690.00
1943,Nova-Scotia,"Total farm value, potatoes (dollars x 1,000)",v47186,4.5,2873.00
1944,Nova-Scotia,"Total farm value, potatoes (dollars x 1,000)",v47186,4.5,4562.00
1945,Nova-Scotia,"Total farm value, potatoes (dollars x 1,000)",v47186,4.5,3493.00
1946,Nova-Scotia,"Total farm value, potatoes (dollars x 1,000)",v47186,4.5,3944.00
1947,Nova-Scotia,"Total farm value, potatoes (dollars x 1,000)",v47186,4.5,3029.00
1948,Nova-Scotia,"Total farm value, potatoes (dollars x 1,000)",v47186,4.5,3816.00
1949,Nova-Scotia,"Total farm value, potatoes (dollars x 1,000)",v47186,4.5,2899.00
1950,Nova-Scotia,"Total farm value, potatoes (dollars x 1,000)",v47186,4.5,2251.00
1951,Nova-Scotia,"Total farm value, potatoes (dollars x 1,000)",v47186,4.5,4576.00
1952,Nova-Scotia,"Total farm value, potatoes (dollars x 1,000)",v47186,4.5,5989.00
1953,Nova-Scotia,"Total farm value, potatoes (dollars x 1,000)",v47186,4.5,2434.00
1954,Nova-Scotia,"Total farm value, potatoes (dollars x 1,000)",v47186,4.5,3461.00
1955,Nova-Scotia,"Total farm value, potatoes (dollars x 1,000)",v47186,4.5,2775.00
1956,Nova-Scotia,"Total farm value, potatoes (dollars x 1,000)",v47186,4.5,2948.00
1957,Nova-Scotia,"Total farm value, potatoes (dollars x 1,000)",v47186,4.5,3148.00
1958,Nova-Scotia,"Total farm value, potatoes (dollars x 1,000)",v47186,4.5,2357.00
1959,Nova-Scotia,"Total farm value, potatoes (dollars x 1,000)",v47186,4.5,3074.00
1960,Nova-Scotia,"Total farm value, potatoes (dollars x 1,000)",v47186,4.5,2154.00
1961,Nova-Scotia,"Total farm value, potatoes (dollars x 1,000)",v47186,4.5,1727.00
1962,Nova-Scotia,"Total farm value, potatoes (dollars x 1,000)",v47186,4.5,1754.00
1963,Nova-Scotia,"Total farm value, potatoes (dollars x 1,000)",v47186,4.5,1618.00
1964,Nova-Scotia,"Total farm value, potatoes (dollars x 1,000)",v47186,4.5,2417.00
1965,Nova-Scotia,"Total farm value, potatoes (dollars x 1,000)",v47186,4.5,2012.00
1966,Nova-Scotia,"Total farm value, potatoes (dollars x 1,000)",v47186,4.5,1605.00
1967,Nova-Scotia,"Total farm value, potatoes (dollars x 1,000)",v47186,4.5,1256.00
1968,Nova-Scotia,"Total farm value, potatoes (dollars x 1,000)",v47186,4.5,1020.00
1969,Nova-Scotia,"Total farm value, potatoes (dollars x 1,000)",v47186,4.5,1620.00
1970,Nova-Scotia,"Total farm value, potatoes (dollars x 1,000)",v47186,4.5,1432.00
1971,Nova-Scotia,"Total farm value, potatoes (dollars x 1,000)",v47186,4.5,1176.00
1972,Nova-Scotia,"Total farm value, potatoes (dollars x 1,000)",v47186,4.5,1910.00
1973,Nova-Scotia,"Total farm value, potatoes (dollars x 1,000)",v47186,4.5,2584.00
1974,Nova-Scotia,"Total farm value, potatoes (dollars x 1,000)",v47186,4.5,1613.00
1975,Nova-Scotia,"Total farm value, potatoes (dollars x 1,000)",v47186,4.5,2926.00
1976,Nova-Scotia,"Total farm value, potatoes (dollars x 1,000)",v47186,4.5,2437.00
1977,Nova-Scotia,"Total farm value, potatoes (dollars x 1,000)",v47186,4.5,1739.00
1978,Nova-Scotia,"Total farm value, potatoes (dollars x 1,000)",v47186,4.5,2313.00
1979,Nova-Scotia,"Total farm value, potatoes (dollars x 1,000)",v47186,4.5,1994.00
1980,Nova-Scotia,"Total farm value, potatoes (dollars x 1,000)",v47186,4.5,4222.00
1981,Nova-Scotia,"Total farm value, potatoes (dollars x 1,000)",v47186,4.5,4156.00
1982,Nova-Scotia,"Total farm value, potatoes (dollars x 1,000)",v47186,4.5,4541.00
1983,Nova-Scotia,"Total farm value, potatoes (dollars x 1,000)",v47186,4.5,4893.00
1984,Nova-Scotia,"Total farm value, potatoes (dollars x 1,000)",v47186,4.5,5111.00
1985,Nova-Scotia,"Total farm value, potatoes (dollars x 1,000)",v47186,4.5,4260.00
1986,Nova-Scotia,"Total farm value, potatoes (dollars x 1,000)",v47186,4.5,5113.00
1987,Nova-Scotia,"Total farm value, potatoes (dollars x 1,000)",v47186,4.5,6162.00
1988,Nova-Scotia,"Total farm value, potatoes (dollars x 1,000)",v47186,4.5,6463.00
1989,Nova-Scotia,"Total farm value, potatoes (dollars x 1,000)",v47186,4.5,7691.00
1990,Nova-Scotia,"Total farm value, potatoes (dollars x 1,000)",v47186,4.5,5530.00
1991,Nova-Scotia,"Total farm value, potatoes (dollars x 1,000)",v47186,4.5,5971.00
1992,Nova-Scotia,"Total farm value, potatoes (dollars x 1,000)",v47186,4.5,7683.00
1993,Nova-Scotia,"Total farm value, potatoes (dollars x 1,000)",v47186,4.5,7272.00
1994,Nova-Scotia,"Total farm value, potatoes (dollars x 1,000)",v47186,4.5,6888.00
1995,Nova-Scotia,"Total farm value, potatoes (dollars x 1,000)",v47186,4.5,7689.00
1996,Nova-Scotia,"Total farm value, potatoes (dollars x 1,000)",v47186,4.5,7602.00
1997,Nova-Scotia,"Total farm value, potatoes (dollars x 1,000)",v47186,4.5,6310.00
1998,Nova-Scotia,"Total farm value, potatoes (dollars x 1,000)",v47186,4.5,7141.00
1999,Nova-Scotia,"Total farm value, potatoes (dollars x 1,000)",v47186,4.5,8986.00
2000,Nova-Scotia,"Total farm value, potatoes (dollars x 1,000)",v47186,4.5,11775.00
2001,Nova-Scotia,"Total farm value, potatoes (dollars x 1,000)",v47186,4.5,7085.00
2002,Nova-Scotia,"Total farm value, potatoes (dollars x 1,000)",v47186,4.5,11656.00
2003,Nova-Scotia,"Total farm value, potatoes (dollars x 1,000)",v47186,4.5,9785.00
2004,Nova-Scotia,"Total farm value, potatoes (dollars x 1,000)",v47186,4.5,9767.00
2005,Nova-Scotia,"Total farm value, potatoes (dollars x 1,000)",v47186,4.5,6247.00
2006,Nova-Scotia,"Total farm value, potatoes (dollars x 1,000)",v47186,4.5,5209.00
2007,Nova-Scotia,"Total farm value, potatoes (dollars x 1,000)",v47186,4.5,5457.00
2008,Nova-Scotia,"Total farm value, potatoes (dollars x 1,000)",v47186,4.5,6618.00
2009,Nova-Scotia,"Total farm value, potatoes (dollars x 1,000)",v47186,4.5,6675.00
2010,Nova-Scotia,"Total farm value, potatoes (dollars x 1,000)",v47186,4.5,5721.00
2011,Nova-Scotia,"Total farm value, potatoes (dollars x 1,000)",v47186,4.5,5848.00
2012,Nova-Scotia,"Total farm value, potatoes (dollars x 1,000)",v47186,4.5,4821.00
